1509463335.363297,6370.00000,6354.45,6350.9
1509463338.916264,6370.00000,6362.39,6350.9
1509463341.455324,6365.00000,6362.39,6350.9
1509463342.893047,6365.00000,6362.39,6350.9
1509463345.705698,6365.00000,6362.39,6350.9
1509463347.207551,6365.00000,6362.39,6352
1509463351.536657,6370.00000,6362.39,6352
1509463354.129061,6370.00000,6362.39,6352
1509463356.921428,6370.00000,6362.83,6352.8
1509463359.15551,6370.00000,6362.83,6352.8
1509463362.010648,6370.00000,6362.83,6352.8
1509463365.237404,6370.00000,6362.83,6352.8
1509463368.091212,6370.00000,6362.83,6355.2
1509463369.503892,6370.00000,6362.83,6355.2
1509463372.076466,6370.00000,6362.83,6355.2
1509463374.798193,6370.00000,6363.76,6355.2
1509463377.846237,6370.00000,6363.76,6355.4
1509463379.819383,6370.00000,6363.76,6355.4
1509463381.62758,6368.20000,6363.76,6355.4
1509463383.082085,6368.20000,6363.76,6355.4
1509463385.94107,6368.20000,6363.76,6355.4
1509463389.767748,6368.20000,6363.76,6355.4
1509463393.021492,6367.40000,6363.76,6355.4
1509463396.430062,6370.00000,6363.76,6355.4
1509463399.007017,6365.60000,6363.76,6355.4
1509463404.202418,6365.60000,6363.76,6355.4
1509463406.686611,6365.00000,6363.76,6355.4
1509463408.158254,6365.00000,6363.76,6355.4
1509463410.835341,6365.00000,6363.76,6355.4
1509463412.326386,6365.00000,6363.76,6355.4
1509463416.342866,6365.00000,6363.76,6355.4
1509463419.255503,6365.00000,6363.76,6355.4
1509463421.803663,6365.00000,6363.76,6355.4
1509463424.244682,6365.00000,6363.76,6355.4
1509463428.168074,6365.00000,6363.76,6355.4
1509463431.162718,6365.00000,6363.76,6355.4
1509463433.809875,6365.00000,6365.00,6355.4
1509463435.32701,6365.00000,6365.00,6355.4
1509463437.589259,6365.00000,6365.00,6355.4
1509463439.517815,6365.00000,6365.00,6355.4
1509463442.658049,6365.00000,6365.00,6355.4
1509463444.263341,6365.00000,6365.00,6355.4
1509463447.173448,6358.00000,6365.00,6359.4
1509463450.656372,6365.00000,6365.00,6359.4
1509463455.122417,6365.00000,6365.00,6359.4
1509463459.066743,6367.70000,6365.00,6359.4
1509463463.039484,6368.00000,6365.00,6359.4
1509463466.797186,6370.40000,6365.00,6359.4
1509463468.372941,6370.40000,6365.00,6366.4
1509463472.221646,6370.40000,6382.09,6366.4
1509463476.011995,6371.10000,6382.09,6366.4
1509463480.406909,6368.00000,6382.09,6372.9
1509463483.00109,6368.00000,6382.09,6372.9
1509463485.786955,6368.00000,6382.09,6372.9
1509463487.658244,6368.00000,6382.09,6382
1509463492.454657,6368.00000,6382.09,6382
1509463495.22277,6371.10000,6384.03,6382
1509463498.334417,6375.00000,6384.03,6382.4
1509463500.091947,6375.00000,6384.03,6382.4
1509463503.353087,6375.00000,6384.03,6382.4
1509463506.385926,6375.00000,6384.03,6382.4
1509463507.962502,6375.00000,6384.03,6385.4
1509463511.304977,6371.00000,6389.00,6385.4
1509463514.83669,6371.00000,6389.00,6385.4
1509463520.290961,6371.00000,6389.00,6386.5
1509463523.478249,6368.70000,6389.00,6386.5
1509463526.016154,6368.70000,6389.00,6386.5
1509463527.633182,6368.70000,6389.00,6386.6
1509463531.83903,6357.20000,6389.00,6386.6
1509463534.089847,6376.00000,6390.00,6386.6
1509463537.028198,6376.00000,6390.00,6386.7
1509463540.060907,6376.00000,6390.00,6386.7
1509463544.305007,6376.00000,6390.00,6386.7
1509463547.252482,6380.00000,6390.00,6391.1
1509463549.767068,6380.00000,6392.10,6391.1
1509463551.22837,6380.00000,6392.10,6391.1
1509463553.602234,6380.00000,6392.10,6391.1
1509463557.54278,6380.00000,6392.10,6392.7
1509463560.502974,6389.00000,6392.10,6392.7
1509463563.134355,6389.00000,6392.10,6392.7
1509463566.079089,6371.90000,6392.10,6392.7
1509463570.909547,6371.90000,6392.10,6395
1509463579.255294,6371.90000,6392.10,6395
1509463583.678834,6370.00000,6392.10,6395
1509463586.786421,6370.00000,6392.10,6392.7
1509463589.157289,6369.90000,6391.72,6392.7
1509463590.685927,6369.90000,6391.72,6392.7
1509463593.699494,6369.90000,6391.72,6392.7
1509463597.66199,6370.00000,6391.72,6386.8
1509463599.125977,6370.00000,6391.72,6386.8
1509463601.697353,6370.00000,6391.72,6386.8
1509463604.016168,6370.00000,6391.72,6386.8
1509463606.474846,6388.60000,6391.72,6386.8
1509463608.222834,6388.60000,6391.72,6383.8
1509463611.404779,6388.60000,6395.58,6383.8
1509463613.823901,6389.00000,6395.58,6383.8
1509463616.676971,6389.00000,6395.58,6383.8
1509463619.154284,6389.00000,6395.58,6382
1509463623.436595,6389.00000,6395.58,6382
1509463626.094898,6380.00000,6395.58,6382
1509463629.51839,6389.00000,6395.58,6374.9
1509463633.370097,6389.00000,6395.58,6374.9
1509463636.879715,6389.60000,6395.58,6373.2
1509463638.339354,6389.60000,6395.58,6373.2
1509463641.868416,6389.90000,6395.58,6373.2
1509463644.148249,6389.90000,6395.58,6373.2
1509463646.625113,6389.90000,6391.32,6373.2
1509463651.122931,6389.90000,6391.32,6374.2
1509463653.972902,6389.90000,6391.32,6374.2
1509463656.485902,6389.90000,6391.32,6374.2
1509463657.997326,6389.90000,6391.32,6369.6
1509463661.495882,6389.90000,6391.32,6369.6
1509463665.577898,6389.60000,6391.32,6369.6
1509463669.133704,6397.00000,6384.00,6367.6
1509463671.825318,6397.00000,6384.00,6367.6
1509463677.810011,6389.00000,6384.00,6369.3
1509463680.208791,6380.60000,6384.00,6369.3
1509463681.710494,6380.60000,6384.00,6369.3
1509463684.480138,6380.60000,6384.00,6369.3
1509463685.907724,6380.60000,6384.00,6369.3
1509463690.510021,6380.60000,6385.24,6369.2
1509463693.180288,6380.60000,6385.24,6369.2
1509463696.514327,6380.60000,6385.24,6369.2
1509463698.943118,6380.60000,6385.24,6366.8
1509463703.369504,6380.00000,6385.24,6366.8
1509463706.889839,6388.00000,6384.05,6366.1
1509463709.370286,6388.00000,6384.05,6366.1
1509463710.935006,6388.00000,6384.05,6366.1
1509463714.479671,6381.90000,6384.05,6366.1
1509463718.199202,6381.90000,6384.05,6369.4
1509463719.667422,6381.90000,6384.05,6369.4
1509463722.204678,6381.90000,6384.05,6369.4
1509463725.23015,6380.00000,6384.05,6369.4
1509463729.898518,6380.00000,6384.05,6370
1509463732.592576,6371.20000,6384.05,6370
1509463734.911381,6362.00000,6384.05,6370
1509463737.824153,6362.00000,6384.05,6371
1509463742.718674,6380.00000,6384.05,6371
1509463746.902174,6380.00000,6374.26,6371.9
1509463750.083698,6380.00000,6374.26,6371.9
1509463751.669571,6380.00000,6374.26,6371.9
1509463756.113558,6380.00000,6374.26,6371.9
1509463759.066216,6362.10000,6374.26,6371.9
1509463762.007704,6362.10000,6374.26,6371.9
1509463764.579864,6362.10000,6374.26,6371.9
1509463769.0969,6362.10000,6360.81,6371.9
1509463772.775763,6362.10000,6360.81,6371.9
1509463775.30919,6362.10000,6360.81,6371.9
1509463778.035097,6362.10000,6360.81,6371.9
1509463781.800307,6362.10000,6360.81,6371.9
1509463783.968693,6362.10000,6360.81,6371.9
1509463786.363496,6362.10000,6376.43,6371.9
1509463787.838462,6362.10000,6376.43,6371.9
1509463790.633134,6362.10000,6376.43,6371.9
1509463792.297446,6362.10000,6376.43,6371.9
1509463796.167685,6362.10000,6376.43,6371.9
1509463798.63422,6362.10000,6376.43,6371.9
1509463800.124963,6362.10000,6376.43,6371.9
1509463802.930304,6379.10000,6376.43,6371.9
1509463808.810638,6379.10000,6379.29,6371.9
1509463811.838928,6379.90000,6379.29,6371.9
1509463813.670767,6379.90000,6379.29,6371.9
1509463815.128979,6379.90000,6379.29,6371.9
1509463817.982229,6379.90000,6379.29,6371.9
1509463824.018045,6379.90000,6379.29,6371.9
1509463826.961636,6379.80000,6379.29,6372.9
1509463829.691277,6379.80000,6379.30,6372.9
1509463831.211717,6379.80000,6379.30,6372.9
1509463836.810001,6379.90000,6379.30,6377.3
1509463838.819967,6379.90000,6379.30,6377.3
1509463840.366884,6379.90000,6379.30,6377.3
1509463843.191659,6379.90000,6379.30,6377.3
1509463845.994311,6379.90000,6386.45,6377.3
1509463850.728194,6379.90000,6386.45,6379.8
1509463853.859873,6379.90000,6386.45,6379.8
1509463857.577356,6379.10000,6386.45,6381.7
1509463862.329136,6379.10000,6386.45,6381.7
1509463866.692726,6379.10000,6386.45,6381.7
1509463869.32435,6379.10000,6387.00,6383.8
1509463874.57631,6379.10000,6387.00,6383.8
1509463878.490228,6382.00000,6387.00,6384.2
1509463880.469331,6382.00000,6387.00,6384.2
1509463883.872888,6379.10000,6387.00,6384.2
1509463889.806929,6379.10000,6387.00,6384.2
1509463892.409814,6379.10000,6387.00,6384.2
1509463894.961513,6379.10000,6387.00,6384.2
1509463898.125277,6379.10000,6387.00,6385.4
1509463902.221938,6382.00000,6387.00,6385.4
1509463904.951631,6382.00000,6387.00,6385.4
1509463907.957407,6379.10000,6387.00,6387.7
1509463911.042569,6379.10000,6387.00,6387.7
1509463915.736066,6379.10000,6387.00,6387.7
1509463917.692978,6379.10000,6387.00,6385.4
1509463919.647898,6379.10000,6387.00,6385.4
1509463921.36589,6379.10000,6387.00,6385.4
1509463927.914046,6371.20000,6387.00,6385.7
1509463929.702611,6371.20000,6386.50,6385.7
1509463932.417163,6371.20000,6386.50,6385.7
1509463936.320612,6371.20000,6386.50,6385.7
1509463941.587485,6371.20000,6386.50,6386
1509463945.115815,6371.20000,6386.50,6386
1509463947.806811,6371.20000,6386.50,6385.9
1509463949.561465,6371.20000,6386.50,6385.9
1509463953.636031,6371.20000,6386.50,6385.9
1509463956.105465,6371.20000,6386.50,6385.9
1509463959.281978,6371.20000,6386.50,6385.9
1509463962.721629,6382.00000,6386.50,6385.9
1509463967.298903,6382.00000,6386.50,6385.9
1509463970.655941,6382.00000,6387.01,6385.9
1509463973.268642,6382.00000,6387.01,6385.9
1509463976.080864,6382.00000,6387.01,6385.9
1509463978.89508,6382.00000,6387.01,6385.9
1509463982.31896,6382.00000,6387.01,6385.9
1509463985.323179,6382.00000,6387.01,6385.9
1509463988.105294,6382.00000,6387.01,6385.9
1509463993.589708,6382.00000,6395.58,6385.9
1509463996.7081,6382.00000,6395.58,6385.9
1509463999.156677,6382.00000,6395.58,6390
1509464000.616346,6382.00000,6395.58,6390
1509464003.999457,6382.00000,6395.58,6390
1509464006.965735,6382.00000,6395.58,6387.4
1509464010.748023,6382.00000,6395.58,6387.4
1509464012.305527,6382.00000,6395.58,6387.4
1509464016.821676,6382.00000,6395.58,6387.7
1509464020.684011,6382.00000,6395.58,6387.7
1509464023.148869,6382.00000,6395.58,6387.7
1509464026.786609,6382.00000,6395.58,6388.7
1509464028.660391,6382.00000,6395.58,6388.7
1509464032.790441,6379.80000,6395.58,6388.7
1509464035.207089,6379.80000,6395.58,6388.7
1509464039.096792,6375.00000,6395.58,6390.2
1509464042.295853,6375.00000,6395.58,6390.2
1509464046.066303,6375.00000,6395.58,6390.2
1509464049.001235,6375.00000,6395.58,6390.2
1509464052.843049,6375.00000,6395.58,6390.2
1509464055.467827,6375.00000,6394.98,6390.2
1509464059.221326,6375.00000,6394.98,6390.4
1509464062.786583,6375.00000,6394.98,6390.4
1509464066.018846,6382.00000,6394.98,6390.4
1509464069.378577,6382.00000,6394.98,6388.4
1509464073.07181,6382.00000,6398.00,6388.4
1509464075.510523,6382.00000,6398.00,6388.4
1509464077.517318,6382.00000,6398.00,6388
1509464079.871891,6382.00000,6398.00,6388
1509464082.910579,6382.00000,6398.00,6388
1509464086.755927,6382.00000,6398.00,6388
1509464090.005585,6382.00000,6398.00,6388
1509464092.296736,6382.00000,6398.00,6388
1509464094.717484,6382.00000,6388.34,6388
1509464096.534158,6382.00000,6388.34,6388
1509464099.901709,6382.00000,6388.34,6388.4
1509464102.007871,6382.00000,6388.34,6388.4
1509464106.193407,6387.60000,6388.34,6388.4
1509464108.792869,6387.60000,6388.34,6388
1509464112.91681,6387.60000,6388.34,6388
1509464115.41401,6387.60000,6395.57,6388
1509464116.862078,6387.60000,6395.57,6381.1
1509464118.730892,6387.60000,6395.57,6381.1
1509464120.431104,6387.60000,6395.57,6381.1
1509464125.545256,6387.60000,6395.57,6381.1
1509464128.521446,6387.60000,6395.57,6381.3
1509464129.987994,6387.60000,6395.57,6381.3
1509464132.571975,6387.60000,6395.57,6381.3
1509464134.039619,6387.60000,6395.57,6381.3
1509464138.116653,6387.60000,6388.78,6378
1509464140.553143,6387.60000,6388.78,6378
1509464141.936833,6387.60000,6388.78,6378
1509464146.471504,6386.30000,6388.78,6378
1509464149.366206,6382.00000,6388.78,6377.9
1509464152.65097,6387.10000,6395.00,6377.9
1509464154.304378,6387.10000,6395.00,6377.9
1509464157.714996,6387.10000,6395.00,6376.2
1509464161.078733,6387.10000,6395.00,6376.2
1509464164.721186,6387.10000,6395.00,6376.2
1509464167.671219,6382.00000,6395.00,6376.4
1509464169.422465,6382.00000,6395.00,6376.4
1509464175.127938,6382.00000,6395.00,6376.4
1509464179.090664,6382.00000,6392.84,6374.6
1509464181.745609,6384.00000,6392.84,6374.6
1509464185.232519,6384.20000,6392.84,6374.6
1509464187.94906,6384.30000,6392.84,6379.4
1509464189.785594,6384.30000,6392.84,6379.4
1509464193.40606,6382.10000,6387.01,6379.4
1509464197.902814,6382.10000,6387.01,6373
1509464200.692041,6382.10000,6387.01,6373
1509464204.812418,6382.10000,6387.01,6373
1509464208.484863,6382.10000,6387.01,6376
1509464211.007055,6382.10000,6387.01,6376
1509464214.020167,6382.10000,6382.83,6376
1509464218.498944,6382.10000,6382.83,6373
1509464221.374017,6382.10000,6382.83,6373
1509464223.989948,6382.10000,6382.83,6373
1509464226.90157,6382.00000,6382.83,6373
1509464231.580085,6387.00000,6382.83,6373.7
1509464234.578247,6387.00000,6382.83,6373.7
1509464237.544056,6387.00000,6392.08,6376.1
1509464240.031974,6387.00000,6392.08,6376.1
1509464243.885588,6387.00000,6392.08,6376.1
1509464247.067371,6382.10000,6392.08,6379
1509464248.74668,6382.10000,6392.08,6379
1509464251.085185,6382.10000,6392.08,6379
1509464253.673475,6382.10000,6392.08,6379
1509464258.100128,6382.10000,6383.76,6381.3
1509464260.352519,6386.80000,6383.76,6381.3
1509464261.785111,6386.80000,6383.76,6381.3
1509464264.288409,6386.80000,6383.76,6381.3
1509464265.7156,6386.80000,6383.76,6381.3
1509464270.45255,6387.00000,6383.76,6381.2
1509464273.14234,6387.00000,6383.76,6381.2
1509464275.854593,6387.00000,6387.73,6381.2
1509464278.337473,6387.00000,6387.73,6380.9
1509464282.247758,6387.00000,6387.73,6380.9
1509464285.903154,6382.10000,6387.73,6380.9
1509464288.460651,6382.10000,6387.73,6379.2
1509464289.911957,6382.10000,6387.73,6379.2
1509464293.208519,6392.00000,6387.73,6379.2
1509464296.7058,6399.00000,6385.10,6378.3
1509464299.305212,6399.00000,6385.10,6378.3
1509464300.746333,6399.00000,6385.10,6378.3
1509464303.829018,6382.10000,6385.10,6378.3
1509464306.59414,6382.10000,6385.10,6378.3
1509464310.704627,6382.10000,6385.10,6379.3
1509464313.098206,6382.10000,6385.10,6379.3
1509464316.57184,6382.10000,6385.11,6379.3
1509464319.464082,6399.40000,6385.11,6377.1
1509464322.849765,6399.40000,6385.11,6377.1
1509464325.11466,6399.40000,6385.11,6377.1
1509464328.365769,6399.40000,6385.11,6377
1509464331.832623,6399.40000,6385.11,6377
1509464335.668589,6399.40000,6385.11,6377
1509464338.629286,6399.40000,6385.11,6376.1
1509464340.089787,6399.40000,6385.11,6376.1
1509464342.753315,6382.30000,6385.11,6376.1
1509464344.133016,6382.30000,6385.11,6376.1
1509464349.316811,6382.30000,6385.11,6376.3
1509464351.908752,6382.30000,6385.11,6376.3
1509464354.505292,6382.30000,6385.00,6376.3
1509464355.968623,6382.30000,6385.00,6376.3
1509464358.59809,6382.30000,6385.00,6376.1
1509464362.123408,6382.30000,6385.00,6376.1
1509464364.65368,6382.30000,6385.00,6376.1
1509464366.131241,6382.30000,6385.00,6376.1
1509464368.980401,6382.30000,6385.00,6376.8
1509464371.440777,6382.30000,6385.00,6376.8
1509464376.788982,6389.40000,6380.56,6376.9
1509464380.144837,6400.00000,6380.56,6376.9
1509464383.066257,6400.00000,6380.56,6376.9
1509464389.451215,6382.10000,6380.56,6376.3
1509464394.18952,6382.10000,6380.56,6376.3
1509464396.199218,6389.80000,6380.66,6376.3
1509464397.859874,6389.80000,6380.66,6376.5
1509464401.894462,6389.80000,6380.66,6376.5
1509464406.554186,6389.80000,6380.66,6376.5
1509464409.413263,6389.80000,6380.66,6376.9
1509464413.741018,6389.80000,6380.66,6376.9
1509464416.373115,6382.10000,6382.00,6376.9
1509464419.05379,6389.20000,6382.00,6376.1
1509464421.642319,6389.20000,6382.00,6376.1
1509464423.4635,6389.20000,6382.00,6376.1
1509464427.284584,6389.30000,6382.00,6368
1509464430.007897,6389.30000,6382.00,6368
1509464432.860298,6389.40000,6382.00,6368
1509464436.660076,6389.40000,6391.17,6365.3
1509464441.660667,6389.40000,6391.17,6365.3
1509464444.64082,6389.40000,6391.17,6365.3
1509464447.518474,6389.40000,6391.17,6364.8
1509464449.319153,6389.40000,6391.17,6364.8
1509464452.476992,6389.40000,6391.17,6364.8
1509464455.875578,6389.40000,6373.02,6364.8
1509464458.675723,6389.40000,6373.02,6365.7
1509464461.096874,6389.50000,6373.02,6365.7
1509464465.143021,6389.50000,6373.02,6365.7
1509464467.98593,6389.80000,6373.02,6367.7
1509464471.071594,6389.80000,6373.02,6367.7
1509464474.070615,6389.60000,6373.02,6367.7
1509464475.610752,6389.60000,6376.01,6367.7
1509464479.560393,6389.60000,6376.01,6368.2
1509464482.820512,6389.60000,6376.01,6368.2
1509464484.294689,6389.60000,6376.01,6368.2
1509464486.902861,6389.60000,6376.01,6369.5
1509464489.352165,6389.60000,6376.01,6369.5
1509464492.541056,6389.60000,6376.01,6369.5
1509464495.599231,6389.70000,6376.01,6369.5
1509464498.741646,6389.70000,6376.01,6371.7
1509464501.322601,6389.70000,6376.01,6371.7
1509464505.741646,6389.80000,6376.01,6371.7
1509464508.731808,6389.80000,6376.01,6372.2
1509464510.258794,6389.80000,6376.01,6372.2
1509464512.64143,6389.80000,6376.01,6372.2
1509464515.301883,6389.80000,6382.57,6372.2
1509464519.632377,6389.80000,6382.57,6373.2
1509464522.275729,6389.80000,6382.57,6373.2
1509464524.986274,6389.80000,6382.57,6373.2
1509464527.596735,6389.80000,6382.57,6373.6
1509464530.885118,6389.80000,6382.57,6373.6
1509464534.943314,6389.80000,6382.56,6373.6
1509464537.870173,6389.40000,6382.56,6373.8
1509464539.77396,6389.40000,6382.56,6373.8
1509464544.736947,6389.40000,6382.56,6373.8
1509464547.375099,6389.40000,6382.56,6370.5
1509464549.979991,6389.40000,6382.56,6370.5
1509464551.477633,6389.40000,6382.56,6370.5
1509464553.857508,6389.40000,6386.39,6370.5
1509464558.199099,6389.40000,6386.39,6372.6
1509464560.814439,6391.80000,6386.39,6372.6
1509464563.476548,6391.80000,6386.39,6372.6
1509464565.952881,6391.80000,6386.39,6372.6
1509464570.623997,6391.80000,6386.39,6372.9
1509464573.109871,6400.00000,6386.39,6372.9
1509464575.410015,6400.00000,6391.17,6372.9
1509464577.597436,6400.00000,6391.17,6372.9
1509464579.755611,6400.00000,6391.17,6372.9
1509464583.646175,6400.00000,6391.17,6372.9
1509464587.243093,6389.40000,6391.17,6371.5
1509464590.128656,6389.40000,6391.17,6371.5
1509464592.731047,6400.00000,6391.17,6371.5
1509464596.712529,6400.00000,6391.20,6371.3
1509464598.591393,6400.00000,6391.20,6371.3
1509464601.22256,6399.90000,6391.20,6371.3
1509464604.168096,6399.90000,6391.20,6371.3
1509464605.603745,6399.90000,6391.20,6371.3
1509464610.086021,6404.90000,6391.20,6371.8
1509464612.409569,6404.90000,6391.20,6371.8
1509464613.865392,6404.90000,6391.20,6371.8
1509464616.401225,6389.80000,6381.77,6371.8
1509464618.672645,6400.00000,6381.77,6371.8
1509464623.155529,6400.00000,6381.77,6371.8
1509464625.477925,6400.00000,6381.77,6371.8
1509464626.918698,6400.00000,6381.77,6372.8
1509464629.261243,6419.00000,6381.77,6372.8
1509464631.744484,6421.50000,6381.77,6372.8
1509464636.042078,6421.50000,6378.19,6372.8
1509464638.501298,6430.00000,6378.19,6373.2
1509464640.777567,6430.00000,6378.19,6373.2
1509464644.792036,6430.00000,6378.19,6373.2
1509464649.173313,6443.40000,6378.19,6374.3
1509464652.467603,6443.40000,6378.19,6374.3
1509464654.765777,6443.40000,6380.85,6374.3
1509464657.432087,6392.80000,6380.85,6373.6
1509464662.642275,6392.80000,6380.85,6373.6
1509464665.083695,6394.10000,6380.85,6373.6
1509464668.234156,6394.10000,6380.85,6376.4
1509464669.889059,6394.10000,6380.85,6376.4
1509464673.59598,6394.10000,6380.85,6376.4
1509464676.4571,6394.10000,6391.59,6376.4
1509464678.97605,6394.10000,6391.59,6374.3
1509464685.047311,6400.00000,6391.59,6374.3
1509464687.85401,6400.00000,6391.59,6373.6
1509464690.670637,6400.00000,6391.59,6373.6
1509464694.655125,6394.10000,6370.00,6373.6
1509464697.203389,6394.10000,6370.00,6373.4
1509464699.446696,6394.10000,6370.00,6373.4
1509464703.063079,6394.10000,6370.00,6373.4
1509464707.410286,6394.10000,6370.00,6372.1
1509464710.094648,6399.30000,6370.00,6372.1
1509464714.079659,6399.30000,6370.00,6372.1
1509464715.774134,6399.40000,6390.42,6372.1
1509464717.153595,6399.40000,6390.42,6372.8
1509464721.649421,6399.40000,6390.42,6372.8
1509464724.332605,6399.40000,6390.42,6372.8
1509464726.860226,6399.40000,6390.42,6372.8
1509464728.30804,6399.40000,6390.42,6372.8
1509464732.141176,6399.40000,6390.42,6372.8
1509464735.489059,6399.40000,6390.42,6372.8
1509464738.103131,6399.40000,6390.42,6372.8
1509464740.587232,6399.40000,6390.42,6372.8
1509464742.119069,6399.40000,6390.42,6372.8
1509464747.310478,6400.00000,6390.42,6371.9
1509464749.998115,6396.00000,6390.42,6371.9
1509464753.051276,6396.00000,6390.42,6371.9
1509464755.483727,6396.00000,6389.82,6371.9
1509464759.238997,6396.00000,6389.82,6371.9
1509464761.083686,6396.00000,6389.82,6371.9
1509464764.59116,6394.40000,6389.82,6371.9
1509464768.030427,6394.40000,6389.82,6371.9
1509464772.660657,6400.00000,6389.82,6371.9
1509464775.021181,6403.80000,6389.82,6371.9
1509464777.615467,6403.80000,6389.82,6372.3
1509464780.049694,6403.80000,6389.82,6372.3
1509464784.11306,6403.80000,6389.82,6372.3
1509464786.804477,6403.80000,6389.82,6371.9
1509464788.245344,6403.80000,6389.82,6371.9
1509464790.755865,6403.80000,6389.82,6371.9
1509464792.692878,6403.80000,6389.82,6371.9
1509464795.930218,6405.00000,6389.82,6371.9
1509464799.703561,6400.00000,6389.82,6371.7
1509464801.196603,6400.00000,6389.82,6371.7
1509464803.095899,6403.40000,6389.82,6371.7
1509464805.465402,6403.40000,6389.82,6371.7
1509464807.435821,6403.40000,6389.82,6370
1509464811.535788,6403.40000,6389.82,6370
1509464814.181829,6403.40000,6389.82,6370
1509464816.905367,6403.40000,6384.80,6370
1509464819.12245,6403.40000,6384.80,6370
1509464821.692194,6400.00000,6384.80,6370
1509464825.716733,6400.00000,6384.80,6370
1509464828.483022,6400.00000,6384.80,6369.9
1509464830.330752,6400.00000,6384.80,6369.9
1509464832.728417,6400.00000,6384.80,6369.9
1509464834.231871,6400.00000,6384.80,6369.9
1509464837.940509,6400.00000,6384.87,6366.1
1509464840.128013,6400.00000,6384.87,6366.1
1509464843.955232,6400.00000,6384.87,6366.1
1509464845.798976,6390.00000,6384.87,6366.1
1509464847.248672,6390.00000,6384.87,6366.1
1509464851.155393,6402.40000,6384.87,6365.8
1509464853.716141,6402.40000,6384.87,6365.8
1509464855.918468,6402.40000,6384.87,6365.8
1509464858.317349,6400.60000,6375.32,6365.8
1509464861.337652,6400.60000,6375.32,6365.8
1509464865.202363,6400.60000,6375.32,6365.8
1509464868.074332,6400.60000,6375.32,6362.6
1509464869.921358,6400.60000,6375.32,6362.6
1509464872.272651,6400.60000,6375.32,6362.6
1509464876.563531,6394.30000,6385.63,6362.6
1509464879.32609,6394.30000,6385.63,6365.8
1509464881.156335,6394.30000,6385.63,6365.8
1509464883.730739,6394.30000,6385.63,6365.8
1509464885.198601,6394.30000,6385.63,6365.8
1509464895.851228,6395.50000,6385.63,6363.6
1509464898.277655,6404.90000,6374.34,6363.7
1509464903.031498,6404.90000,6374.34,6363.7
1509464905.992261,6394.30000,6374.34,6363.7
1509464908.541102,6394.30000,6374.34,6362.9
1509464911.484584,6394.30000,6374.34,6362.9
1509464915.405871,6394.30000,6374.34,6362.9
1509464917.83255,6390.00000,6370.00,6362.9
1509464919.280379,6390.00000,6370.00,6362.9
1509464921.700419,6390.00000,6370.00,6362.9
1509464923.158091,6390.00000,6370.00,6362.9
1509464927.087403,6390.00000,6370.00,6363
1509464929.084064,6390.00000,6370.00,6363
1509464931.650415,6390.00000,6370.00,6363
1509464933.047187,6390.00000,6370.00,6363
1509464935.807119,6390.00000,6380.94,6363
1509464939.335072,6390.00000,6380.94,6363
1509464941.935367,6390.00000,6380.94,6363
1509464943.731865,6390.00000,6380.94,6363
1509464946.262165,6392.30000,6380.94,6363
1509464948.837512,6392.30000,6380.94,6362.2
1509464951.48164,6392.30000,6380.94,6362.2
1509464955.63214,6394.30000,6375.31,6362.2
1509464957.122685,6394.30000,6375.31,6361.2
1509464959.02864,6400.60000,6375.31,6361.2
1509464961.946101,6400.60000,6375.31,6361.2
1509464963.367012,6400.60000,6375.31,6361.2
1509464967.572959,6400.00000,6375.31,6358.6
1509464970.212776,6400.00000,6375.31,6358.6
1509464972.388114,6400.00000,6375.31,6358.6
1509464975.216287,6400.00000,6375.31,6358.6
1509464977.098248,6400.00000,6370.90,6358
1509464980.846367,6395.50000,6370.90,6358
1509464982.297086,6395.50000,6370.90,6358
1509464984.602227,6395.50000,6370.90,6358
1509464987.129761,6400.00000,6370.90,6359.6
1509464989.737958,6407.00000,6370.90,6359.6
1509464992.555951,6407.00000,6370.90,6359.6
1509464995.392744,6407.00000,6370.90,6359.6
1509464998.558467,6390.00000,6370.90,6359
1509465001.134186,6390.00000,6370.90,6359
1509465004.984861,6390.00000,6370.90,6359
1509465008.244327,6390.00000,6370.90,6358
1509465010.098052,6390.00000,6370.90,6358
1509465013.357667,6390.00000,6370.90,6358
1509465015.182175,6390.00000,6370.90,6358
1509465019.516061,6390.00000,6369.47,6358
1509465022.7866,6390.60000,6369.47,6358
1509465024.321279,6390.60000,6369.47,6358
1509465026.130869,6390.60000,6369.47,6358
1509465032.434056,6390.60000,6369.47,6358.3
1509465035.224437,6390.60000,6369.47,6358.3
1509465046.146723,6390.60000,6369.47,6358.8
1509465048.627844,6390.60000,6369.47,6358.8
1509465050.375361,6390.60000,6369.47,6358.8
1509465052.834769,6390.60000,6369.47,6358.8
1509465054.649569,6390.60000,6369.47,6358.8
1509465057.148764,6390.60000,6369.47,6359.8
1509465059.628194,6390.60000,6370.90,6359.8
1509465061.359081,6390.60000,6370.90,6359.8
1509465063.715784,6389.40000,6370.90,6359.8
1509465066.517466,6389.40000,6370.90,6359.8
1509465068.328247,6389.40000,6370.90,6359.2
1509465070.729887,6389.40000,6370.90,6359.2
1509465072.515065,6389.40000,6370.90,6359.2
1509465074.860546,6389.40000,6370.84,6359.2
1509465077.534327,6388.00000,6370.84,6359.7
1509465080.830834,6388.00000,6370.84,6359.7
1509465084.755984,6382.30000,6370.84,6359.7
1509465086.545391,6382.30000,6370.84,6359.7
1509465088.018008,6382.30000,6370.84,6359.7
1509465090.447345,6382.30000,6370.84,6359.7
1509465093.299904,6382.30000,6370.84,6359.7
1509465096.824825,6389.40000,6369.32,6359.7
1509465099.364847,6382.10000,6369.32,6359.7
1509465101.164052,6389.40000,6369.32,6359.7
1509465103.033715,6389.40000,6369.32,6359.7
1509465105.153903,6389.40000,6369.32,6359.7
1509465106.653872,6389.40000,6369.32,6359.7
1509465109.844914,6389.40000,6369.32,6360.3
1509465112.627011,6389.40000,6369.32,6360.3
1509465114.094093,6389.40000,6369.32,6360.3
1509465116.928503,6389.40000,6368.89,6360
1509465124.807011,6389.40000,6368.89,6360
1509465127.741702,6390.00000,6368.89,6360
1509465131.353319,6389.30000,6368.89,6360
1509465134.81159,6389.30000,6368.89,6360
1509465137.665693,6389.30000,6368.90,6360
1509465140.995263,6389.30000,6368.90,6360
1509465145.010664,6388.90000,6368.90,6360
1509465148.23777,6388.90000,6368.90,6360
1509465151.610813,6388.80000,6368.90,6360
1509465155.219544,6388.80000,6368.90,6360
1509465157.627097,6388.80000,6368.90,6360
1509465161.074431,6388.80000,6368.90,6360
1509465164.2289,6388.80000,6368.91,6360
1509465166.872829,6388.80000,6368.91,6359.7
1509465168.403113,6388.80000,6368.91,6359.7
1509465170.283426,6388.80000,6368.91,6359.7
1509465172.227591,6388.80000,6368.91,6359.7
1509465175.825335,6388.80000,6368.91,6359.7
1509465178.434156,6388.80000,6368.91,6359.7
1509465180.101979,6388.80000,6368.91,6359.7
1509465183.081961,6385.10000,6368.92,6359.7
1509465184.569222,6385.10000,6368.92,6359.7
1509465187.870418,6392.30000,6368.92,6359.7
1509465189.742869,6392.30000,6368.92,6358.1
1509465191.25555,6392.30000,6368.92,6358.1
1509465193.66245,6402.30000,6368.92,6358.1
1509465195.095924,6402.30000,6368.92,6358.1
1509465198.604757,6402.30000,6368.92,6358
1509465201.197566,6402.30000,6369.12,6358
1509465202.973834,6402.30000,6369.12,6358
1509465205.466573,6402.30000,6369.12,6358
1509465207.215297,6402.30000,6369.12,6356.9
1509465209.918092,6402.30000,6369.12,6356.9
1509465213.229912,6402.30000,6369.12,6356.9
1509465215.818582,6384.00000,6369.12,6356.9
1509465217.264859,6384.00000,6369.12,6355.4
1509465219.698514,6384.80000,6369.12,6355.4
1509465221.526885,6384.80000,6369.12,6355.4
1509465223.989446,6384.80000,6369.94,6355.4
1509465227.399381,6398.10000,6369.94,6352.5
1509465230.041442,6398.10000,6369.94,6352.5
1509465232.977079,6398.10000,6369.94,6352.5
1509465235.614771,6398.10000,6369.94,6352.5
1509465238.568591,6399.00000,6369.94,6351.4
1509465241.582981,6399.00000,6363.77,6351.4
1509465243.798644,6399.00000,6363.77,6351.4
1509465246.587224,6399.00000,6363.77,6351.4
1509465248.068685,6399.00000,6363.77,6352
1509465250.033754,6399.00000,6363.77,6352
1509465253.132343,6399.00000,6363.77,6352
1509465255.341691,6389.40000,6363.77,6352
1509465258.884158,6389.40000,6363.77,6352
1509465261.664921,6389.40000,6363.77,6352
1509465263.232939,6389.40000,6363.77,6352
1509465266.531341,6389.40000,6363.77,6352
1509465269.130107,6383.80000,6363.77,6352.9
1509465274.90081,6382.00000,6363.77,6352.9
1509465278.512853,6399.00000,6363.77,6353.1
1509465280.793272,6389.40000,6362.23,6353.1
1509465282.248944,6389.40000,6362.23,6353.1
1509465284.682784,6389.40000,6362.23,6353.1
1509465286.139301,6389.40000,6362.23,6353.1
1509465289.126272,6384.90000,6362.23,6353.1
1509465292.371708,6384.90000,6362.23,6353.1
1509465294.815889,6385.60000,6362.23,6353.1
1509465296.309788,6385.60000,6362.23,6353.1
1509465298.599043,6389.40000,6362.23,6353.8
1509465301.681649,6389.40000,6362.23,6353.8
1509465304.506576,6389.40000,6360.82,6353.8
1509465307.91054,6384.90000,6360.82,6353.8
1509465310.447022,6384.90000,6360.82,6353.8
1509465313.195712,6382.00000,6360.82,6353.8
1509465314.883311,6382.00000,6360.82,6353.8
1509465317.501238,6382.00000,6360.82,6353.9
1509465320.924505,6382.00000,6361.28,6353.9
1509465323.864981,6382.00000,6361.28,6353.9
1509465325.681204,6382.00000,6361.28,6353.9
1509465328.175063,6382.00000,6361.28,6353.9
1509465331.979176,6382.70000,6361.28,6353.9
1509465335.388529,6382.70000,6361.28,6353.9
1509465337.07803,6382.70000,6361.28,6354.7
1509465340.802023,6382.20000,6361.28,6354.7
1509465343.994299,6382.20000,6361.28,6354.7
1509465346.192452,6382.00000,6361.28,6354.7
1509465348.061031,6382.00000,6361.28,6357
1509465350.365556,6382.00000,6361.28,6357
1509465352.245502,6382.00000,6361.28,6357
1509465356.055754,6378.00000,6361.28,6357
1509465358.501494,6378.00000,6361.28,6358.2
1509465361.07211,6378.00000,6361.28,6358.2
1509465364.398555,6378.00000,6361.24,6358.2
1509465365.925433,6378.00000,6361.24,6358.2
1509465369.668556,6378.00000,6361.24,6358.5
1509465371.494164,6378.00000,6361.24,6358.5
1509465374.214736,6361.00000,6361.24,6358.5
1509465376.493498,6384.00000,6361.24,6358.5
1509465378.67426,6384.00000,6361.24,6358.7
1509465381.125945,6384.00000,6361.24,6358.7
1509465383.927978,6384.00000,6362.22,6358.7
1509465386.434907,6384.00000,6362.22,6358.7
1509465388.659497,6384.00000,6362.22,6358.7
1509465392.610762,6382.50000,6362.22,6358.7
1509465395.384739,6382.50000,6362.22,6358.7
1509465396.908225,6382.50000,6362.22,6358.7
1509465399.546104,6382.50000,6362.22,6358.7
1509465401.380609,6382.50000,6362.22,6358.7
1509465403.63144,6384.00000,6365.00,6358.7
1509465405.966799,6384.00000,6365.00,6358.7
1509465408.436686,6384.00000,6365.00,6360.1
1509465410.703718,6384.00000,6365.00,6360.1
1509465412.317884,6384.00000,6365.00,6360.1
1509465414.791024,6385.10000,6365.00,6360.1
1509465416.627797,6385.10000,6365.00,6360.1
1509465418.067556,6385.10000,6365.00,6363.8
1509465421.841663,6385.10000,6365.00,6363.8
1509465424.821922,6371.50000,6361.11,6363.8
1509465426.404316,6371.50000,6361.11,6363.8
1509465428.208193,6371.50000,6361.11,6364.4
1509465429.642315,6371.50000,6361.11,6364.4
1509465433.569755,6371.50000,6361.11,6364.4
1509465436.969022,6371.50000,6361.11,6364.4
1509465439.926766,6377.00000,6361.11,6364.4
1509465442.281615,6377.00000,6361.11,6364.4
1509465445.276218,6377.00000,6370.89,6364.4
1509465449.27887,6361.20000,6370.89,6369.2
1509465451.913634,6361.20000,6370.89,6369.2
1509465454.293642,6377.00000,6370.89,6369.2
1509465456.98043,6377.00000,6370.89,6366.7
1509465458.529547,6377.00000,6370.89,6366.7
1509465462.307588,6377.00000,6370.00,6366.7
1509465465.462463,6377.00000,6370.00,6366.7
1509465467.714788,6377.00000,6370.00,6367.8
1509465469.149372,6377.00000,6370.00,6367.8
1509465471.606066,6377.00000,6370.00,6367.8
1509465474.86602,6377.00000,6370.00,6367.8
1509465476.806358,6377.00000,6370.00,6364.9
1509465478.274626,6377.00000,6370.00,6364.9
1509465480.688671,6377.00000,6370.00,6364.9
1509465482.642452,6377.00000,6370.00,6364.9
1509465487.11117,6377.00000,6370.00,6367.6
1509465489.548628,6377.00000,6370.00,6367.6
1509465491.267198,6377.00000,6370.00,6367.6
1509465493.112134,6377.00000,6370.00,6367.6
1509465496.183345,6377.00000,6370.00,6367.6
1509465499.850297,6376.90000,6370.00,6368.6
1509465502.539659,6376.90000,6370.00,6368.6
1509465506.220495,6376.90000,6370.00,6368.6
1509465508.705828,6376.90000,6370.00,6368.6
1509465512.431004,6377.00000,6370.00,6368.6
1509465515.439081,6377.00000,6370.00,6368.6
1509465518.630173,6385.20000,6370.00,6368.6
1509465520.276876,6385.20000,6370.00,6368.6
1509465523.201342,6385.20000,6370.01,6368.6
1509465527.569693,6386.60000,6370.01,6368.6
1509465531.005747,6389.20000,6370.01,6368.6
1509465534.835119,6389.20000,6370.01,6368.6
1509465537.586459,6389.00000,6370.01,6364.5
1509465540.517394,6389.00000,6370.01,6364.5
1509465543.534815,6389.00000,6370.01,6364.5
1509465546.144879,6389.00000,6363.72,6364.5
1509465548.972266,6389.00000,6363.72,6364.4
1509465554.428829,6389.00000,6363.72,6364.4
1509465556.738454,6389.00000,6363.72,6363.2
1509465559.337474,6389.00000,6363.72,6363.2
1509465562.047968,6389.00000,6363.72,6363.2
1509465565.507223,6389.00000,6375.62,6363.2
1509465569.818616,6389.80000,6375.62,6361
1509465571.325494,6389.80000,6375.62,6361
1509465573.034532,6389.00000,6375.62,6361
1509465576.158514,6389.00000,6375.62,6361
1509465579.635451,6389.00000,6375.62,6360
1509465582.251473,6389.00000,6375.62,6360
1509465584.844771,6389.00000,6375.62,6360
1509465588.287523,6389.00000,6376.12,6360
1509465591.334874,6389.00000,6376.12,6360
1509465592.906994,6389.00000,6376.12,6360
1509465595.984369,6389.00000,6376.12,6360
1509465598.694112,6397.80000,6376.12,6360
1509465601.403763,6397.80000,6376.12,6360
1509465605.395389,6397.80000,6376.12,6360
1509465608.217149,6397.80000,6370.80,6360
1509465610.533383,6397.80000,6370.80,6360
1509465612.491785,6397.50000,6370.80,6360
1509465615.42393,6397.50000,6370.80,6360
1509465618.725582,6397.50000,6370.80,6360.5
1509465620.263633,6397.50000,6370.80,6360.5
1509465622.773532,6397.50000,6370.80,6360.5
1509465625.413314,6397.50000,6370.80,6360.5
1509465628.190755,6397.50000,6370.68,6360.9
1509465632.375995,6397.40000,6370.68,6360.9
1509465634.976253,6397.40000,6370.68,6360.9
1509465637.543836,6397.40000,6370.68,6365.4
1509465640.361023,6397.40000,6370.68,6365.4
1509465643.554201,6397.40000,6370.68,6365.4
1509465646.846103,6397.40000,6370.68,6365.4
1509465648.740425,6397.40000,6376.22,6365.4
1509465651.310718,6397.40000,6376.22,6365.4
1509465653.615374,6397.40000,6376.22,6365.4
1509465655.096336,6397.40000,6376.22,6365.4
1509465658.835878,6397.40000,6376.22,6367.9
1509465661.268099,6397.40000,6376.22,6367.9
1509465662.822693,6397.40000,6376.22,6367.9
1509465666.855391,6397.00000,6370.79,6368.6
1509465671.806295,6397.00000,6370.79,6368.6
1509465675.274215,6397.00000,6370.79,6368.6
1509465678.283543,6397.00000,6370.79,6370.2
1509465681.080722,6397.00000,6370.79,6370.2
1509465684.664378,6397.00000,6370.79,6370.2
1509465686.165665,6397.00000,6370.79,6370.2
1509465689.047765,6397.00000,6371.11,6370.7
1509465690.662361,6397.00000,6371.11,6370.7
1509465694.233775,6397.00000,6371.11,6370.7
1509465697.742718,6397.00000,6371.11,6373.5
1509465700.479705,6389.80000,6371.11,6373.5
1509465701.915061,6389.80000,6371.11,6373.5
1509465703.633701,6389.80000,6371.11,6373.5
1509465705.118269,6389.80000,6371.11,6373.5
1509465708.592731,6377.00000,6371.11,6372.6
1509465711.48522,6377.00000,6375.00,6372.6
1509465712.92221,6377.00000,6375.00,6372.6
1509465715.33859,6377.00000,6375.00,6372.6
1509465717.755136,6377.00000,6375.00,6372.2
1509465719.83551,6377.00000,6375.00,6372.2
1509465722.976291,6370.70000,6375.00,6372.2
1509465724.833351,6370.70000,6375.00,6372.2
1509465726.271584,6370.70000,6375.00,6372.2
1509465728.706887,6368.90000,6375.00,6372
1509465731.92626,6368.90000,6372.00,6372
1509465735.356446,6373.80000,6372.00,6372
1509465739.185135,6373.80000,6372.00,6371.1
1509465741.205987,6373.80000,6372.00,6371.1
1509465744.578532,6373.80000,6372.00,6371.1
1509465748.215904,6373.80000,6372.00,6371
1509465750.302339,6373.80000,6349.63,6371
1509465752.0257,6373.80000,6349.63,6371
1509465755.757618,6392.70000,6349.63,6371
1509465757.222552,6392.70000,6349.63,6364.5
1509465759.720408,6392.70000,6349.63,6364.5
1509465762.602665,6392.70000,6349.63,6364.5
1509465764.08018,6392.70000,6349.63,6364.5
1509465766.343831,6392.70000,6349.63,6364.5
1509465768.464351,6377.00000,6349.63,6363.7
1509465769.926646,6377.00000,6349.63,6363.7
1509465771.846311,6390.90000,6374.99,6363.7
1509465774.57459,6390.90000,6374.99,6363.7
1509465777.698773,6390.90000,6374.99,6365.3
1509465780.507216,6390.90000,6374.99,6365.3
1509465782.043849,6390.90000,6374.99,6365.3
1509465784.689739,6390.90000,6374.99,6365.3
1509465787.840075,6390.90000,6374.99,6375.5
1509465789.690038,6390.90000,6374.99,6365.3
1509465792.20298,6390.90000,6369.37,6375.5
1509465794.814073,6389.80000,6369.37,6375.5
1509465796.338871,6389.80000,6369.37,6375.5
1509465798.541546,6389.80000,6369.37,6376.1
1509465801.79444,6389.80000,6369.37,6376.1
1509465804.287675,6389.80000,6369.37,6376.1
1509465807.174139,6389.80000,6369.37,6376.4
1509465809.625005,6389.80000,6369.37,6376.4
1509465814.349388,6389.80000,6370.59,6376.4
1509465817.530552,6389.80000,6370.59,6376.4
1509465818.973238,6389.80000,6370.59,6376.4
1509465821.374156,6389.80000,6370.59,6376.4
1509465823.761573,6389.80000,6370.59,6376.4
1509465827.478277,6389.80000,6370.59,6377.1
1509465830.440574,6389.80000,6370.59,6377.1
1509465832.802159,6389.80000,6374.80,6377.1
1509465834.276161,6389.80000,6374.80,6377.1
1509465836.622618,6389.80000,6374.80,6377.1
1509465839.659465,6389.80000,6374.80,6378.1
1509465842.463972,6389.80000,6374.80,6378.1
1509465843.883549,6389.80000,6374.80,6378.1
1509465847.412501,6389.80000,6374.80,6376.9
1509465848.906467,6389.80000,6374.80,6376.9
1509465852.296519,6389.80000,6374.80,6376.9
1509465855.290689,6389.80000,6370.00,6376.9
1509465858.149787,6389.80000,6370.00,6376.9
1509465860.300206,6389.80000,6370.00,6376.9
1509465862.603401,6389.80000,6370.00,6376.9
1509465865.694644,6389.80000,6370.00,6376.9
1509465868.313561,6396.70000,6370.00,6376.9
1509465871.14857,6396.70000,6370.00,6376.9
1509465875.107654,6398.00000,6360.86,6376.9
1509465878.9972,6398.00000,6360.86,6376
1509465881.66003,6400.00000,6360.86,6376
1509465883.416171,6400.00000,6360.86,6376
1509465886.295005,6400.00000,6360.86,6376
1509465889.359078,6415.90000,6360.86,6370.3
1509465893.245647,6420.00000,6370.00,6370.3
1509465895.920571,6420.00000,6370.00,6370.3
1509465903.882877,6420.00000,6370.00,6370.5
1509465906.440206,6396.20000,6370.00,6370.5
1509465908.294257,6396.20000,6370.00,6370.5
1509465910.940382,6396.20000,6370.00,6370.5
1509465912.44965,6396.20000,6370.00,6370.5
1509465915.068,6396.20000,6370.81,6370.5
1509465918.486361,6396.20000,6370.81,6370.4
1509465921.578178,6396.50000,6370.81,6370.4
1509465923.008719,6396.50000,6370.81,6370.4
1509465925.677382,6396.50000,6370.81,6370.4
1509465928.212248,6396.50000,6370.81,6371.5
1509465931.274072,6396.50000,6370.81,6371.5
1509465933.148743,6396.50000,6370.81,6371.5
1509465935.618108,6396.50000,6370.81,6371.5
1509465937.086929,6396.50000,6370.81,6371.5
1509465940.446369,6396.50000,6370.81,6371.5
1509465942.303153,6396.50000,6370.81,6371.5
1509465945.738925,6396.50000,6370.81,6371.5
1509465948.220346,6396.50000,6370.81,6371.5
1509465951.077142,6396.50000,6370.81,6371.5
1509465953.525296,6368.90000,6370.81,6371.5
1509465955.881168,6368.90000,6370.81,6371.5
1509465958.823367,6383.00000,6369.94,6371.5
1509465960.32347,6383.00000,6369.94,6371.5
1509465962.206253,6383.00000,6369.94,6371.5
1509465964.939403,6383.00000,6369.94,6371.5
1509465966.448,6383.00000,6369.94,6371.5
1509465969.805551,6383.00000,6369.94,6371.5
1509465972.645935,6383.00000,6369.94,6371.5
1509465974.114315,6383.00000,6369.94,6371.5
1509465976.350746,6375.20000,6369.94,6371.5
1509465978.161952,6375.20000,6370.00,6371.6
1509465981.899251,6375.20000,6370.00,6371.6
1509465984.66041,6362.20000,6370.00,6371.6
1509465987.194236,6362.20000,6370.00,6371.9
1509465989.629577,6389.00000,6370.00,6371.9
1509465991.086604,6389.00000,6370.00,6371.9
1509465994.140289,6362.50000,6370.00,6371.9
1509465996.807381,6362.50000,6370.00,6371.9
1509465998.272722,6362.50000,6370.00,6372.2
1509466001.851426,6362.50000,6370.00,6372.2
1509466005.829809,6371.50000,6370.00,6372.2
1509466009.288542,6371.50000,6370.00,6372.2
1509466011.148462,6371.50000,6370.00,6372.2
1509466014.553873,6371.50000,6370.00,6372.2
1509466018.324136,6384.00000,6370.00,6372.8
1509466021.136627,6370.90000,6360.44,6372.8
1509466022.731014,6370.90000,6360.44,6372.8
1509466025.875604,6362.40000,6360.44,6372.8
1509466027.830216,6390.00000,6360.44,6373
1509466032.371927,6390.00000,6360.44,6373
1509466034.945239,6390.00000,6360.44,6373
1509466038.213947,6390.00000,6360.44,6374.9
1509466042.678436,6376.20000,6360.44,6374.9
1509466046.177849,6392.30000,6360.44,6374.9
1509466049.755562,6362.50000,6360.44,6374.8
1509466052.177958,6362.50000,6360.44,6374.8
1509466054.61671,6371.80000,6360.44,6374.8
1509466056.064346,6371.80000,6360.44,6374.8
1509466059.700865,6371.80000,6360.44,6375
1509466063.203455,6371.80000,6369.97,6375
1509466065.492241,6383.90000,6369.97,6375
1509466067.008751,6383.90000,6369.97,6375
1509466069.531566,6383.90000,6369.97,6375
1509466071.720564,6383.90000,6369.97,6375
1509466073.810334,6383.90000,6369.97,6375
1509466076.317397,6383.90000,6369.97,6375
1509466078.758252,6383.90000,6369.97,6376
1509466080.153146,6383.90000,6369.97,6376
1509466083.241274,6383.90000,6369.97,6376
1509466086.547801,6383.90000,6360.12,6376
1509466088.731375,6383.90000,6360.12,6377.6
1509466090.96388,6383.90000,6360.12,6377.6
1509466092.739319,6383.90000,6360.12,6377.6
1509466095.542977,6383.90000,6360.12,6377.6
1509466097.786723,6392.30000,6360.12,6379.7
1509466100.498475,6392.30000,6360.12,6379.7
1509466102.644608,6392.30000,6360.12,6379.7
1509466105.333271,6392.30000,6360.12,6379.7
1509466108.342411,6392.30000,6369.99,6379.8
1509466110.135928,6371.90000,6369.99,6379.8
1509466111.690874,6371.90000,6369.99,6379.8
1509466114.754048,6383.40000,6369.99,6379.8
1509466117.721331,6383.40000,6369.99,6379.8
1509466119.563451,6383.40000,6369.99,6379.8
1509466121.409671,6383.40000,6369.99,6379.8
1509466123.738366,6383.40000,6369.99,6379.8
1509466125.611867,6392.10000,6369.99,6379.8
1509466127.988974,6392.10000,6369.99,6379.9
1509466132.995723,6392.10000,6369.20,6379.9
1509466135.656108,6375.40000,6369.20,6379.9
1509466138.554627,6375.40000,6369.20,6390.2
1509466141.199543,6375.40000,6369.20,6390.2
1509466145.615299,6375.40000,6369.20,6390.2
1509466148.146272,6381.00000,6369.00,6390.2
1509466150.803306,6381.00000,6369.00,6390.2
1509466152.448382,6381.00000,6369.00,6390.2
1509466156.102009,6381.00000,6369.00,6390.2
1509466158.816036,6379.50000,6369.00,6390.2
1509466160.273949,6379.50000,6369.00,6390.2
1509466162.753028,6377.00000,6369.00,6390.2
1509466164.219216,6377.00000,6369.00,6390.2
1509466167.37084,6377.00000,6369.00,6390.2
1509466171.249693,6362.60000,6369.00,6390.2
1509466173.302994,6362.60000,6369.00,6390.2
1509466175.258773,6362.60000,6369.00,6390.2
1509466178.914859,6377.00000,6369.00,6390.2
1509466181.671802,6377.00000,6369.00,6390.2
1509466183.129101,6377.00000,6369.00,6390.2
1509466186.413133,6377.00000,6369.00,6390.2
1509466187.885721,6377.00000,6369.00,6390.2
1509466190.769777,6377.00000,6369.00,6390.2
1509466194.71881,6377.00000,6369.00,6390.2
1509466197.434561,6377.00000,6369.00,6390.2
1509466200.944286,6377.00000,6369.00,6390.2
1509466206.942061,6377.00000,6369.00,6390.2
1509466210.893807,6377.00000,6369.00,6390.2
1509466213.714963,6377.00000,6375.00,6390.2
1509466216.141682,6377.00000,6375.00,6390.2
1509466219.669728,6377.00000,6375.00,6390.2
1509466221.361225,6377.00000,6375.00,6390.2
1509466222.876035,6377.00000,6375.00,6390.2
1509466225.50228,6377.00000,6375.00,6390.2
1509466228.356593,6377.00000,6375.00,6390
1509466230.911836,6377.00000,6375.00,6390
1509466234.443042,6377.00000,6374.99,6390
1509466235.922103,6377.00000,6374.99,6390
1509466238.384167,6377.00000,6374.99,6381.8
1509466241.263334,6377.00000,6374.99,6381.8
1509466243.949601,6377.00000,6374.99,6381.8
1509466247.307202,6377.00000,6374.99,6381.8
1509466248.73713,6377.00000,6374.99,6381.8
1509466251.076879,6377.00000,6374.99,6381.8
1509466252.906231,6377.00000,6374.99,6381.8
1509466254.806551,6377.00000,6375.00,6381.8
1509466258.036423,6377.00000,6375.00,6379
1509466260.255723,6377.00000,6375.00,6379
1509466263.741254,6377.00000,6375.00,6379
1509466267.540916,6377.00000,6375.00,6378.2
1509466270.486185,6377.00000,6375.00,6378.2
1509466274.374346,6377.00000,6374.99,6378.2
1509466276.031669,6377.00000,6374.99,6378.2
1509466278.374615,6377.00000,6374.99,6378.2
1509466279.813746,6377.00000,6374.99,6378.2
1509466282.366447,6376.90000,6374.99,6378.2
1509466284.240478,6376.90000,6374.99,6378.2
1509466287.033419,6376.90000,6374.99,6375.6
1509466289.197291,6376.90000,6374.99,6375.6
1509466291.863222,6376.90000,6374.99,6375.6
1509466294.143201,6377.00000,6374.99,6375.6
1509466295.971576,6377.00000,6374.99,6375.6
1509466298.979239,6377.00000,6374.99,6375.6
1509466301.949445,6377.00000,6374.99,6375.6
1509466303.655113,6377.00000,6374.99,6375.6
1509466305.104868,6377.00000,6374.99,6375.6
1509466309.549462,6377.00000,6374.99,6376.3
1509466312.812298,6377.00000,6374.91,6376.3
1509466316.090741,6377.00000,6374.91,6376.3
1509466318.161961,6376.90000,6374.91,6376.1
1509466321.056184,6376.90000,6374.91,6376.1
1509466331.598858,6376.90000,6374.91,6376.1
1509466334.457889,6377.00000,6374.91,6376.1
1509466336.477933,6377.00000,6374.91,6376.1
1509466338.040991,6377.00000,6374.91,6376.5
1509466340.717884,6377.00000,6374.91,6376.5
1509466342.217481,6377.00000,6374.91,6376.5
1509466345.444045,6376.90000,6374.91,6376.5
1509466348.366003,6376.90000,6374.91,6377.3
1509466350.547538,6376.90000,6374.91,6377.3
1509466351.974378,6376.90000,6374.91,6377.3
1509466354.779902,6376.90000,6374.89,6377.3
1509466356.626326,6376.90000,6374.89,6377.6
1509466359.03235,6377.00000,6374.89,6377.6
1509466362.348807,6377.00000,6374.89,6377.6
1509466364.17626,6377.00000,6374.89,6377.6
1509466365.915714,6377.00000,6374.89,6377.6
1509466370.593244,6377.00000,6374.89,6378
1509466373.640886,6377.00000,6375.00,6378
1509466375.635351,6377.00000,6375.00,6378
1509466377.477467,6377.00000,6375.00,6378.2
1509466379.034326,6377.00000,6375.00,6378.2
1509466381.073046,6377.00000,6375.00,6378.2
1509466385.03055,6377.00000,6375.00,6378.2
1509466387.319636,6377.00000,6375.00,6379.3
1509466390.014975,6377.00000,6375.00,6379.3
1509466391.824587,6377.00000,6375.00,6379.3
1509466393.756236,6377.00000,6374.75,6379.3
1509466395.230409,6377.00000,6374.75,6379.3
1509466397.054929,6377.00000,6374.75,6379.3
1509466400.185468,6377.00000,6374.75,6379.3
1509466401.851801,6377.00000,6374.75,6379.3
1509466404.934397,6377.00000,6374.75,6379.3
1509466407.691397,6377.00000,6374.75,6379.3
1509466409.651143,6377.00000,6374.75,6379.3
1509466412.910678,6377.00000,6374.75,6379.3
1509466417.974465,6377.00000,6373.85,6379
1509466420.39232,6377.00000,6373.85,6379
1509466422.105592,6377.00000,6373.85,6379
1509466426.004845,6377.00000,6373.85,6379
1509466429.894055,6377.00000,6373.85,6377.4
1509466434.160517,6377.00000,6373.85,6377.4
1509466436.691298,6377.00000,6373.85,6377.4
1509466438.163617,6377.00000,6373.85,6376.6
1509466440.968125,6377.00000,6373.85,6376.6
1509466443.284595,6376.90000,6373.85,6376.6
1509466445.127995,6376.90000,6373.85,6376.6
1509466452.767133,6376.90000,6373.85,6375.1
1509466455.558302,6376.90000,6373.85,6375.1
1509466458.86048,6376.90000,6373.85,6375
1509466461.755459,6376.90000,6373.85,6375
1509466463.524281,6376.90000,6373.85,6375
1509466466.333524,6376.90000,6373.85,6375
1509466468.697405,6376.90000,6373.85,6375.1
1509466471.743541,6377.00000,6373.85,6375.1
1509466474.810158,6377.00000,6373.85,6375.1
1509466476.701965,6377.00000,6373.85,6375.1
1509466479.401438,6377.00000,6374.90,6375.1
1509466481.599248,6377.00000,6374.90,6375.1
1509466485.305861,6377.00000,6374.90,6375.1
1509466488.739445,6377.00000,6374.90,6375.4
1509466491.094695,6377.00000,6374.90,6375.4
1509466493.875389,6377.00000,6374.90,6375.4
1509466497.262561,6377.00000,6374.90,6375.2
1509466500.345775,6377.00000,6374.76,6375.2
1509466503.321322,6377.00000,6374.76,6375.2
1509466505.891758,6377.00000,6374.76,6375.2
1509466508.361373,6377.00000,6374.76,6375.2
1509466511.799037,6377.00000,6374.76,6375.2
1509466515.346432,6377.00000,6374.76,6375.2
1509466518.064914,6377.00000,6374.76,6375.4
1509466520.936979,6377.00000,6374.64,6375.4
1509466522.874806,6377.00000,6374.64,6375.4
1509466525.28854,6377.00000,6374.64,6375.4
1509466528.470298,6377.00000,6374.64,6375.8
1509466531.49854,6377.00000,6374.64,6375.8
1509466537.252678,6377.00000,6374.64,6377.8
1509466542.604615,6377.00000,6374.64,6377.8
1509466545.038883,6377.00000,6374.89,6377.8
1509466547.697006,6377.00000,6374.89,6381.2
1509466550.195221,6377.00000,6374.89,6381.2
1509466551.656901,6377.00000,6374.89,6381.2
1509466555.668885,6377.00000,6374.89,6381.2
1509466557.157971,6377.00000,6374.89,6381.2
1509466559.875363,6377.00000,6374.89,6381.2
1509466562.646828,6377.00000,6371.88,6381.2
1509466565.176102,6377.00000,6371.88,6381.2
1509466568.656215,6377.00000,6371.88,6385.3
1509466570.940259,6377.00000,6371.88,6385.3
1509466573.620748,6377.00000,6371.88,6385.3
1509466575.077947,6377.00000,6371.88,6385.3
1509466576.819433,6376.90000,6371.88,6388.6
1509466578.268383,6376.90000,6371.88,6388.6
1509466581.500816,6376.90000,6371.88,6388.6
1509466583.916801,6376.90000,6375.00,6388.6
1509466586.571266,6377.00000,6375.00,6388.6
1509466588.028052,6377.00000,6375.00,6389.8
1509466591.373105,6377.00000,6375.00,6389.8
1509466595.152972,6377.00000,6375.00,6389.8
1509466597.586281,6377.00000,6375.00,6390.2
1509466599.063119,6377.00000,6375.00,6390.2
1509466602.066662,6377.00000,6375.00,6390.2
1509466604.535206,6377.00000,6375.00,6390.2
1509466607.503268,6377.00000,6375.00,6390.5
1509466610.693094,6377.00000,6375.00,6390.5
1509466613.104846,6377.00000,6375.00,6390.5
1509466622.496201,6377.00000,6375.00,6392.2
1509466625.221772,6377.00000,6380.00,6392.2
1509466626.68061,6377.00000,6380.00,6392.2
1509466629.770613,6377.00000,6380.00,6392.3
1509466633.834635,6377.00000,6380.00,6392.3
1509466636.588303,6377.00000,6380.00,6392.3
1509466639.473037,6382.00000,6380.00,6390.4
1509466642.58896,6382.00000,6380.00,6390.4
1509466645.530011,6382.00000,6381.00,6390.4
1509466648.338998,6382.00000,6381.00,6379
1509466651.23991,6377.00000,6381.00,6379
1509466654.735241,6377.00000,6381.00,6379
1509466657.692566,6377.00000,6381.00,6366.1
1509466660.583542,6377.00000,6381.00,6366.1
1509466663.41011,6377.00000,6381.11,6366.1
1509466666.069536,6377.00000,6381.11,6366.1
1509466669.443973,6379.50000,6381.11,6367.5
1509466672.999579,6379.50000,6381.11,6367.5
1509466676.681395,6379.50000,6381.11,6367.5
1509466680.089828,6377.00000,6381.11,6365.1
1509466683.045242,6389.00000,6381.11,6365.1
1509466686.629395,6389.00000,6381.00,6365.1
1509466689.782106,6389.00000,6381.00,6363.9
1509466693.824533,6377.30000,6381.00,6363.9
1509466695.364219,6377.30000,6381.00,6363.9
1509466698.706267,6377.30000,6381.00,6363.9
1509466701.930705,6378.00000,6381.00,6363.9
1509466703.453144,6378.00000,6381.00,6363.9
1509466706.26822,6378.00000,6381.00,6363.9
1509466709.721383,6378.00000,6376.88,6364
1509466713.348435,6378.00000,6376.88,6364
1509466716.38797,6378.00000,6376.88,6364
1509466718.826231,6378.00000,6376.88,6365
1509466720.288062,6378.00000,6376.88,6365
1509466726.893683,6378.00000,6376.88,6365
1509466730.592354,6378.00000,6364.01,6367.4
1509466732.087476,6378.00000,6364.01,6367.4
1509466734.496185,6378.00000,6364.01,6367.4
1509466737.701766,6378.00000,6364.01,6367.4
1509466741.586317,6378.00000,6364.01,6367.4
1509466743.074012,6378.00000,6364.01,6367.4
1509466745.86829,6377.50000,6364.01,6367.4
1509466748.241553,6377.50000,6364.01,6367.4
1509466752.474279,6377.50000,6364.01,6367.4
1509466754.983547,6377.50000,6364.01,6367.4
1509466757.351002,6377.50000,6364.01,6368.2
1509466759.651612,6378.00000,6364.01,6368.2
1509466762.14744,6378.00000,6364.01,6368.2
1509466766.82856,6378.00000,6364.01,6368.2
1509466769.264007,6377.60000,6364.01,6371.3
1509466771.271694,6377.60000,6370.56,6371.3
1509466773.76392,6377.60000,6370.56,6371.3
1509466775.254827,6377.60000,6370.56,6371.3
1509466778.757758,6377.60000,6370.56,6371.3
1509466781.420685,6377.60000,6370.56,6371.3
1509466782.950274,6377.60000,6370.56,6371.3
1509466785.788185,6389.90000,6370.56,6371.3
1509466787.249793,6389.90000,6370.56,6373.6
1509466791.788604,6391.00000,6368.50,6373.6
1509466794.239268,6391.00000,6368.50,6373.6
1509466795.765846,6391.00000,6368.50,6373.6
1509466798.20987,6391.00000,6368.50,6373.6
1509466799.937198,6391.00000,6368.50,6373.6
1509466804.351131,6391.00000,6368.50,6373.6
1509466807.570757,6383.40000,6368.50,6373.6
1509466809.035933,6383.40000,6368.50,6373.6
1509466811.438487,6383.40000,6368.50,6373.6
1509466814.783921,6383.40000,6368.51,6373.6
1509466817.897929,6383.40000,6368.51,6373.9
1509466820.845357,6383.40000,6368.51,6373.9
1509466823.295156,6383.40000,6368.51,6373.9
1509466825.96954,6383.40000,6368.51,6373.9
1509466829.015089,6383.40000,6368.51,6374.1
1509466831.98123,6383.40000,6368.51,6374.1
1509466834.35167,6386.80000,6368.51,6374.1
1509466835.80176,6386.80000,6368.51,6374.1
1509466838.793617,6386.80000,6368.51,6376.3
1509466841.9494,6377.00000,6368.51,6376.3
1509466844.880665,6377.00000,6368.51,6376.3
1509466847.452136,6377.00000,6368.51,6382
1509466849.292164,6377.00000,6368.51,6382
1509466853.164051,6377.00000,6368.51,6382
1509466856.468796,6377.00000,6368.46,6382
1509466858.865152,6377.00000,6368.46,6391.4
1509466861.879758,6377.00000,6368.46,6391.4
1509466864.735332,6377.00000,6368.46,6391.4
1509466867.524743,6377.00000,6368.46,6395.8
1509466869.990406,6377.00000,6368.46,6395.8
1509466872.667893,6377.00000,6368.46,6395.8
1509466875.242037,6391.90000,6368.46,6395.8
1509466877.606015,6391.90000,6380.99,6402.2
1509466881.34263,6391.90000,6380.99,6402.2
1509466885.955586,6391.90000,6380.99,6402.2
1509466888.557677,6377.60000,6380.99,6403.9
1509466890.020518,6377.60000,6380.99,6403.9
1509466891.852185,6377.60000,6380.99,6403.9
1509466895.569731,6377.60000,6380.99,6403.9
1509466897.398041,6377.60000,6380.99,6403
1509466899.855762,6383.60000,6389.06,6403
1509466901.352621,6383.60000,6389.06,6403
1509466903.901282,6383.60000,6389.06,6403
1509466907.460895,6383.60000,6389.06,6403.9
1509466910.403335,6383.60000,6389.06,6403.9
1509466913.752535,6383.60000,6389.06,6403.9
1509466916.604214,6383.60000,6389.06,6403.9
1509466920.274906,6377.00000,6385.03,6402.2
1509466923.329794,6377.00000,6385.03,6402.2
1509466926.940705,6377.00000,6385.03,6401.1
1509466929.791639,6377.00000,6385.03,6401.1
1509466931.233864,6377.00000,6385.03,6401.1
1509466934.62893,6377.00000,6385.03,6401.1
1509466937.002207,6377.00000,6385.03,6402
1509466939.027066,6377.00000,6378.80,6402
1509466940.571521,6377.00000,6378.80,6402
1509466943.014681,6377.00000,6378.80,6402
1509466946.619998,6377.00000,6378.80,6402
1509466948.648644,6377.00000,6378.80,6401.2
1509466951.044641,6377.00000,6378.80,6401.2
1509466953.711525,6377.00000,6378.80,6401.2
1509466956.944061,6377.00000,6378.80,6392.2
1509466960.489387,6377.00000,6390.34,6392.2
1509466963.060758,6377.00000,6390.34,6392.2
1509466964.70514,6377.00000,6390.34,6392.2
1509466966.310856,6377.00000,6390.34,6392.2
1509466969.442444,6377.00000,6390.34,6386.8
1509466971.539554,6377.00000,6390.34,6386.8
1509466975.090033,6377.00000,6390.34,6386.8
1509466977.508571,6377.00000,6390.34,6382.5
1509466980.582424,6377.00000,6395.00,6382.5
1509466986.220751,6377.00000,6395.00,6382.5
1509466989.267836,6377.00000,6395.00,6381.2
1509466992.416766,6377.00000,6395.00,6381.2
1509466995.088375,6377.00000,6395.00,6381.2
1509466998.164193,6377.00000,6395.00,6382.1
1509467000.551931,6377.00000,6395.00,6382.1
1509467002.03557,6377.00000,6395.00,6382.1
1509467004.881364,6377.00000,6395.00,6382.1
1509467007.459753,6377.00000,6395.00,6383.3
1509467010.673421,6377.00000,6395.00,6383.3
1509467013.503314,6377.00000,6395.00,6383.3
1509467015.309964,6377.00000,6395.00,6383.3
1509467017.676601,6377.00000,6395.00,6386.1
1509467019.482403,6377.00000,6395.00,6386.1
1509467022.391864,6377.00000,6385.00,6386.1
1509467024.812089,6377.00000,6385.00,6386.1
1509467027.816684,6377.00000,6385.00,6386.8
1509467029.397389,6377.00000,6385.00,6386.8
1509467031.845227,6376.90000,6385.00,6386.8
1509467033.268855,6376.90000,6385.00,6386.8
1509467036.537754,6376.90000,6385.00,6386.8
1509467040.539964,6376.90000,6386.63,6382.4
1509467042.025513,6376.90000,6386.63,6382.4
1509467044.717491,6376.90000,6386.63,6382.4
1509467047.28043,6376.90000,6386.63,6384.4
1509467050.866597,6376.90000,6386.63,6384.4
1509467053.983572,6376.90000,6386.63,6384.4
1509467055.513545,6376.90000,6386.63,6384.4
1509467058.381305,6376.90000,6386.63,6383.5
1509467060.904581,6376.90000,6385.24,6383.5
1509467064.58291,6376.90000,6385.24,6383.5
1509467066.599491,6376.90000,6385.24,6383.5
1509467068.040029,6376.90000,6385.24,6383
1509467071.012933,6376.90000,6385.24,6383
1509467074.470836,6376.90000,6385.24,6383
1509467078.04144,6376.90000,6385.24,6384.2
1509467079.935643,6376.80000,6385.24,6384.2
1509467082.347525,6376.80000,6385.24,6384.2
1509467084.637742,6376.80000,6385.24,6384.2
1509467086.173343,6376.80000,6385.24,6384.2
1509467089.776584,6376.80000,6385.24,6384.8
1509467092.20105,6376.80000,6385.24,6384.8
1509467094.452548,6376.80000,6385.24,6384.8
1509467095.950684,6376.80000,6385.24,6384.8
1509467098.270124,6376.80000,6385.24,6384.9
1509467102.973636,6371.00000,6385.16,6384.9
1509467106.525338,6364.00000,6385.16,6384.9
1509467108.204873,6364.00000,6385.16,6387.1
1509467112.700928,6376.90000,6385.16,6387.1
1509467116.336254,6376.90000,6385.16,6387.1
1509467118.902446,6376.90000,6385.16,6388.9
1509467121.656532,6376.90000,6385.15,6388.9
1509467123.202294,6376.90000,6385.15,6388.9
1509467125.670863,6376.90000,6385.15,6388.9
1509467128.6182,6376.90000,6385.15,6388.9
1509467131.684564,6376.90000,6385.15,6388.9
1509467133.383595,6376.90000,6385.15,6388.9
1509467135.901911,6376.90000,6385.15,6388.9
1509467138.82481,6376.90000,6385.15,6388.9
1509467142.156676,6376.90000,6381.87,6388.9
1509467144.556707,6376.40000,6381.87,6388.9
1509467146.047396,6376.40000,6381.87,6388.9
1509467149.407154,6376.40000,6381.87,6386.8
1509467152.041972,6376.40000,6381.87,6386.8
1509467154.288059,6376.40000,6381.87,6386.8
1509467156.920755,6371.10000,6381.87,6386.6
1509467159.793015,6373.70000,6381.87,6386.6
1509467162.674279,6373.70000,6381.87,6386.6
1509467164.190479,6373.70000,6381.87,6386.6
1509467167.174459,6373.20000,6381.87,6387.1
1509467170.228591,6373.20000,6381.87,6387.1
1509467173.409516,6373.20000,6381.87,6387.1
1509467175.803367,6373.20000,6381.87,6387.1
1509467178.493774,6373.20000,6381.87,6387.1
1509467181.426067,6373.20000,6381.87,6387.1
1509467183.944411,6373.20000,6393.76,6387.1
1509467186.475831,6373.20000,6393.76,6387.1
1509467187.995647,6373.20000,6393.76,6387.3
1509467189.77895,6373.20000,6393.76,6387.3
1509467191.868393,6373.20000,6393.76,6387.3
1509467195.793669,6373.20000,6393.76,6387.3
1509467198.352027,6373.20000,6393.76,6388
1509467201.222052,6365.00000,6393.76,6388
1509467204.502882,6365.00000,6393.28,6388
1509467208.051206,6369.90000,6393.28,6386
1509467210.699544,6369.90000,6393.28,6386
1509467212.147973,6369.90000,6393.28,6386
1509467214.861835,6369.90000,6393.28,6386
1509467217.36872,6376.90000,6393.28,6385.3
1509467218.974075,6376.90000,6393.28,6385.3
1509467221.92958,6376.90000,6393.28,6385.3
1509467224.767149,6376.90000,6392.58,6385.3
1509467228.694242,6376.90000,6392.58,6384.3
1509467231.170954,6376.90000,6392.58,6384.3
1509467234.553807,6376.90000,6392.58,6384.3
1509467236.899087,6376.90000,6392.58,6383.5
1509467240.250153,6376.90000,6392.58,6383.5
1509467242.112078,6376.90000,6392.58,6383.5
1509467244.104985,6376.90000,6392.58,6383.5
1509467247.457905,6376.90000,6392.58,6384.3
1509467249.378147,6376.90000,6392.58,6384.3
1509467252.326255,6376.90000,6392.58,6384.3
1509467254.248963,6376.90000,6392.58,6384.3
1509467256.154185,6376.90000,6392.58,6384.3
1509467258.505595,6376.90000,6392.58,6386.7
1509467262.789903,6376.90000,6392.58,6386.7
1509467264.278703,6376.90000,6392.58,6386.7
1509467267.370417,6377.00000,6390.57,6384.2
1509467269.193516,6377.00000,6390.57,6384.2
1509467272.86537,6377.00000,6390.57,6384.2
1509467275.523842,6377.00000,6390.57,6384.2
1509467277.003858,6377.00000,6390.57,6384.1
1509467279.500824,6377.00000,6390.57,6384.1
1509467281.053545,6377.00000,6390.57,6384.1
1509467283.811011,6377.00000,6390.57,6384.1
1509467287.190667,6377.00000,6390.44,6382
1509467289.697388,6377.00000,6390.44,6382
1509467291.178642,6377.00000,6390.44,6382
1509467294.41269,6377.00000,6390.44,6382
1509467295.871097,6377.00000,6390.44,6382
1509467299.524319,6386.70000,6390.44,6381.8
1509467302.124387,6386.70000,6390.44,6381.8
1509467304.446392,6386.70000,6390.44,6381.8
1509467306.253329,6386.70000,6390.44,6381.8
1509467308.056327,6386.70000,6383.80,6382.1
1509467310.57875,6386.70000,6383.80,6382.1
1509467313.267454,6386.60000,6383.80,6382.1
1509467315.137836,6386.60000,6383.80,6382.1
1509467316.966373,6386.60000,6383.80,6382
1509467319.490695,6386.60000,6383.80,6382
1509467321.376968,6386.60000,6383.80,6382
1509467325.162692,6386.60000,6383.80,6382
1509467328.054832,6386.60000,6383.80,6380.1
1509467330.465285,6386.60000,6383.80,6380.1
1509467333.21181,6386.70000,6383.80,6380.1
